pair_id,addressed,changed_topic,metric_given,answer_clean,note
barclays_2011-q3_002,,,,,
barclays_2012-q2_003,,,,,
barclays_2012-q3_007,,,,,
barclays_2012-annual_005,,,,,
barclays_2012-annual_006,,,,,
barclays_2013-q1_006,,,,,
barclays_2013-q2_004,,,,,
barclays_2014-q1_007,,,,,
barclays_2014-q2_001,,,,,
barclays_2015-annual_001,,,,,
barclays_2016-q2_004,,,,,
barclays_2016-q3_001,,,,,
barclays_2016-q3_006,,,,,
barclays_2017-q3_008,,,,,
barclays_2017-annual_011,,,,,
barclays_2018-q1_004,,,,,
barclays_2018-q1_006,,,,,
barclays_2018-q2_007,,,,,
barclays_2018-q3_007,,,,,
barclays_2019-q1_011,,,,,
barclays_2019-q2_006,,,,,
barclays_2019-q2_010,,,,,
barclays_2019-q3_001,,,,,
barclays_2019-q3_007,,,,,
barclays_2019-annual_003,,,,,
barclays_2019-annual_004,,,,,
barclays_2020-q1_002,,,,,
barclays_2020-q2_003,,,,,
barclays_2021-q1_006,,,,,
barclays_2021-q1_012,,,,,
barclays_2021-q3_004,,,,,
barclays_2021-annual_005,,,,,
barclays_2022-q1_004,,,,,
barclays_2022-q2_001,,,,,
barclays_2023-q2_006,,,,,
barclays_2023-q2_009,,,,,
barclays_2023-annual_009,,,,,
barclays_2024-annual_002,,,,,
barclays_2025-q1_005,,,,,
barclays_2025-q2_002,,,,,
barclays_2025-q2_006,,,,,
barclays_2025-q3_003,,,,,
barclays_2026-q2_005,,,,,
hsbc_2007-interim_004,,,,,
hsbc_2011-interim_008,,,,,
hsbc_2011-q3_002,,,,,
hsbc_2012-q3_002,,,,,
hsbc_2012-q3_004,,,,,
hsbc_2013-interim_001,,,,,
hsbc_2015-interim_006,,,,,
hsbc_2015-q3_002,,,,,
hsbc_2015-annual_006,,,,,
hsbc_2016-q3_005,,,,,
hsbc_2016-annual_002,,,,,
hsbc_2016-annual_005,,,,,
hsbc_2017-q1_004,,,,,
hsbc_2017-interim_006,,,,,
hsbc_2017-annual_008,,,,,
hsbc_2017-annual_009,,,,,
hsbc_2018-q1_001,,,,,
hsbc_2019-q1_010,,,,,
hsbc_2020-q1_006c,,,,,
hsbc_2020-annual_003,,,,,
hsbc_2020-annual_003c,,,,,
hsbc_2020-annual_005,,,,,
hsbc_2021-q1_005b,,,,,
hsbc_2021-q3_008,,,,,
hsbc_2021-q3_009b,,,,,
hsbc_2021-q3_010,,,,,
hsbc_2021-annual_001,,,,,
hsbc_2022-q1_004b,,,,,
hsbc_2022-q1_005c,,,,,
hsbc_2022-q1_009b,,,,,
hsbc_2022-interim_004,,,,,
hsbc_2022-interim_008,,,,,
hsbc_2022-q3_005,,,,,
hsbc_2022-q3_005b,,,,,
hsbc_2023-interim_009,,,,,
hsbc_2023-q3_003,,,,,
hsbc_2023-q3_007,,,,,
hsbc_2023-annual_006,,,,,
hsbc_2024-q1_002,,,,,
hsbc_2024-annual_005,,,,,
hsbc_2025-q1_001,,,,,
hsbc_2025-q1_008,,,,,
hsbc_2025-interim_003,,,,,
hsbc_2025-interim_005,,,,,
hsbc_2025-interim_006,,,,,
hsbc_2025-q3_006,,,,,
hsbc_2025-q3_007,,,,,
