pair_id,bank,quarter,question_sentiment,question_net,question_net_prob,question_sent_n,question_sent_net,question_sent_pos_share,question_sent_neg_share,question_sent_neg_max,question_sent_label,question_lm_pos_n,question_lm_neg_n,question_lm_unc_n,question_lm_constr_n,question_lm_lit_n,question_lm_n_tok,question_ldsa_net,question_lm_uncertainty,question_lm_hedge,question_ldsa_sentiment,question_lm_source,answer_sentiment,answer_net,answer_net_prob,answer_sent_n,answer_sent_net,answer_sent_pos_share,answer_sent_neg_share,answer_sent_neg_max,answer_sent_label,answer_lm_pos_n,answer_lm_neg_n,answer_lm_unc_n,answer_lm_constr_n,answer_lm_lit_n,answer_lm_n_tok,answer_ldsa_net,answer_lm_uncertainty,answer_lm_hedge,answer_ldsa_sentiment,answer_lm_source,stratum_label,period_bucket,is_episode,sample_role
barclays_2011-q3_003,barclays,2011-q3,negative,-0.8614833354949951,-0.8238478004932404,8,-0.3099580410635099,0.125,0.5,0.9491866827011108,negative,1,5,1,1,0,192,-0.020833333333333332,0.005208333333333333,0.010416666666666666,negative,lm:LM.csv,neutral,0.0,0.10981457680463791,39,0.22859541150048757,0.2564102564102564,0.02564102564102564,0.5191606879234314,positive,13,18,7,2,2,827,-0.006045949214026602,0.008464328899637243,0.010882708585247884,neutral,lm:LM.csv,positive,pre-2020,False,stratified
barclays_2014-q1_006,barclays,2014-q1,neutral,0.0,-0.10402035713195801,18,0.010792582088874446,0.2222222222222222,0.16666666666666666,0.9176696538925171,neutral,4,6,4,0,0,424,-0.0047169811320754715,0.009433962264150943,0.009433962264150943,neutral,lm:LM.csv,negative,-0.5302256941795349,-0.31619395315647125,4,-0.033141354098916054,0.25,0.25,0.9202513098716736,neutral,0,0,3,0,0,88,0.0,0.03409090909090909,0.03409090909090909,neutral,lm:LM.csv,negative,pre-2020,False,stratified
barclays_2015-q2_001,barclays,2015-q2,neutral,0.0,0.44703906681388617,2,0.46249731024727225,0.5,0.0,0.016560593619942665,positive,1,1,2,0,0,31,0.0,0.06451612903225806,0.06451612903225806,neutral,lm:LM.csv,neutral,0.0,-0.07462107390165329,32,-0.008492924069287255,0.125,0.125,0.8646672368049622,neutral,5,9,6,2,2,809,-0.004944375772558714,0.007416563658838072,0.009888751545117428,neutral,lm:LM.csv,neutral,pre-2020,False,stratified
barclays_2016-q1_003,barclays,2016-q1,neutral,0.0,-0.015408618375658989,1,-0.015408618375658989,0.0,0.0,0.043947283178567886,neutral,0,1,0,0,0,8,-0.125,0.0,0.0,negative,lm:LM.csv,neutral,0.0,0.000819861888885498,22,-0.05845980066806078,0.18181818181818182,0.2727272727272727,0.9696336388587952,neutral,5,6,4,0,1,800,-0.00125,0.005,0.005,neutral,lm:LM.csv,neutral,pre-2020,False,stratified
barclays_2017-q2_006,barclays,2017-q2,negative,-0.5692977905273438,-0.5126141831278801,35,-0.02458971757441759,0.11428571428571428,0.14285714285714285,0.969937264919281,neutral,8,14,7,2,1,698,-0.008595988538681949,0.01002865329512894,0.012893982808022923,neutral,lm:LM.csv,negative,-0.6074783802032471,-0.5495871640741825,10,-0.27386412154883144,0.1,0.4,0.9683989882469177,negative,3,3,3,0,0,254,0.0,0.011811023622047244,0.011811023622047244,neutral,lm:LM.csv,negative,pre-2020,False,stratified
barclays_2018-annual_007,barclays,2018-annual,neutral,0.0,-0.0063783153891563416,14,-0.010799798515758343,0.0,0.14285714285714285,0.9181959629058838,neutral,2,6,2,0,0,255,-0.01568627450980392,0.00784313725490196,0.00784313725490196,negative,lm:LM.csv,neutral,0.0,0.16380863636732101,17,-0.03412567506379941,0.11764705882352941,0.17647058823529413,0.7236286997795105,neutral,1,3,6,0,1,382,-0.005235602094240838,0.015706806282722512,0.015706806282722512,neutral,lm:LM.csv,neutral,pre-2020,False,stratified
barclays_2018-annual_008,barclays,2018-annual,neutral,0.0,0.06208011135458946,18,0.1301510865903563,0.1111111111111111,0.0,0.107503741979599,neutral,3,2,5,0,1,424,0.0023584905660377358,0.01179245283018868,0.01179245283018868,neutral,lm:LM.csv,neutral,0.0,0.09587414003908634,3,0.12117218722899754,0.0,0.0,0.07134711742401123,neutral,1,3,2,0,0,107,-0.018691588785046728,0.018691588785046728,0.018691588785046728,negative,lm:LM.csv,neutral,pre-2020,False,stratified
barclays_2019-q1_004,barclays,2019-q1,positive,0.9163473844528198,0.8983880374580622,1,0.8983880374580622,1.0,0.0,0.017959346994757652,positive,0,1,0,0,0,17,-0.058823529411764705,0.0,0.0,negative,lm:LM.csv,neutral,0.0,0.2564815655350685,14,0.4792698300776205,0.5714285714285714,0.07142857142857142,0.618296205997467,positive,6,5,2,0,2,377,0.002652519893899204,0.005305039787798408,0.005305039787798408,neutral,lm:LM.csv,positive,pre-2020,False,stratified
barclays_2019-q3_003,barclays,2019-q3,negative,-0.8035576343536377,-0.7790321689099073,2,-0.6154035106301308,0.0,1.0,0.7450013756752014,negative,0,2,0,0,0,35,-0.05714285714285714,0.0,0.0,negative,lm:LM.csv,negative,-0.893450915813446,-0.8557761907577515,22,-0.10880447102879937,0.22727272727272727,0.2727272727272727,0.9578601717948914,neutral,1,7,8,1,0,614,-0.009771986970684038,0.013029315960912053,0.014657980456026058,neutral,lm:LM.csv,negative,pre-2020,False,stratified
barclays_2020-q2_006,barclays,2020-q2,negative,-0.4889196753501892,-0.41606204211711884,15,-0.06160463926692804,0.06666666666666667,0.13333333333333333,0.9660075902938843,neutral,3,4,5,0,0,225,-0.0044444444444444444,0.022222222222222223,0.022222222222222223,neutral,lm:LM.csv,negative,-0.5318849086761475,-0.45002559572458267,4,-0.21609529480338097,0.0,0.25,0.8903536200523376,negative,0,2,4,0,0,83,-0.024096385542168676,0.04819277108433735,0.04819277108433735,negative,lm:LM.csv,negative,2020-23,False,stratified
barclays_2020-q2_009,barclays,2020-q2,negative,-0.8400180339813232,-0.7797745391726494,9,-0.13701207180404001,0.1111111111111111,0.3333333333333333,0.9754693508148193,neutral,3,3,2,0,1,212,0.0,0.009433962264150943,0.009433962264150943,neutral,lm:LM.csv,neutral,0.0,0.034081898629665375,19,0.08777438898227717,0.3157894736842105,0.15789473684210525,0.9598298668861389,neutral,3,4,3,1,0,357,-0.0028011204481792717,0.008403361344537815,0.011204481792717087,neutral,lm:LM.csv,neutral,2020-23,False,stratified
barclays_2020-q3_002,barclays,2020-q3,neutral,0.0,0.033163197338581085,5,0.0288971496745944,0.0,0.0,0.04315774887800217,neutral,0,2,2,0,1,92,-0.021739130434782608,0.021739130434782608,0.021739130434782608,negative,lm:LM.csv,neutral,0.0,0.20867056772112846,9,0.28380577110995847,0.3333333333333333,0.0,0.3077887296676636,positive,4,0,1,0,0,140,0.02857142857142857,0.007142857142857143,0.007142857142857143,positive,lm:LM.csv,positive,2020-23,False,stratified
barclays_2020-q3_003,barclays,2020-q3,neutral,0.0,0.04619867168366909,5,-0.15465971510857343,0.0,0.2,0.9660345315933228,negative,0,1,3,0,0,146,-0.00684931506849315,0.02054794520547945,0.02054794520547945,neutral,lm:LM.csv,negative,-0.48855751752853394,-0.36188457906246185,10,0.050927883852273224,0.2,0.2,0.9316229820251465,neutral,3,3,1,2,0,244,0.0,0.004098360655737705,0.012295081967213115,neutral,lm:LM.csv,negative,2020-23,False,stratified
barclays_2020-annual_005,barclays,2020-annual,neutral,0.0,0.11767297983169556,5,0.16930999457836152,0.2,0.0,0.0832836925983429,positive,0,2,7,0,0,133,-0.015037593984962405,0.05263157894736842,0.05263157894736842,negative,lm:LM.csv,neutral,0.0,-0.04084266722202301,23,0.0721768592281834,0.13043478260869565,0.08695652173913043,0.9624907374382019,neutral,6,2,9,0,0,436,0.009174311926605505,0.020642201834862386,0.020642201834862386,neutral,lm:LM.csv,neutral,2020-23,False,stratified
barclays_2020-annual_011,barclays,2020-annual,neutral,0.0,0.0273439884185791,3,-0.044793710112571716,0.3333333333333333,0.3333333333333333,0.6647281646728516,neutral,0,0,1,0,0,37,0.0,0.02702702702702703,0.02702702702702703,neutral,lm:LM.csv,neutral,0.0,0.11821750737726688,16,0.1601312892162241,0.0625,0.0,0.17232786118984222,positive,3,2,8,1,4,308,0.003246753246753247,0.025974025974025976,0.02922077922077922,neutral,lm:LM.csv,positive,2020-23,False,stratified
barclays_2021-q1_005,barclays,2021-q1,positive,0.9202541708946228,0.8844282031059265,2,0.4384672762826085,0.5,0.0,0.04267505556344986,positive,2,0,0,0,0,45,0.044444444444444446,0.0,0.0,positive,lm:LM.csv,neutral,0.0,0.22714901715517044,22,0.0657913252203302,0.13636363636363635,0.09090909090909091,0.9516274333000183,neutral,5,5,4,0,0,424,0.0,0.009433962264150943,0.009433962264150943,neutral,lm:LM.csv,neutral,2020-23,False,stratified
barclays_2021-q1_011,barclays,2021-q1,positive,0.8547240495681763,0.8247292097657919,4,0.4049821402877569,0.75,0.25,0.8512893915176392,positive,2,2,1,0,0,58,0.0,0.017241379310344827,0.017241379310344827,neutral,lm:LM.csv,negative,-0.5751575231552124,-0.32983316481113434,17,0.1042814561549355,0.29411764705882354,0.23529411764705882,0.9611462950706482,neutral,5,3,3,1,0,266,0.007518796992481203,0.011278195488721804,0.015037593984962405,neutral,lm:LM.csv,negative,2020-23,False,stratified
barclays_2021-q2_007,barclays,2021-q2,neutral,0.0,0.048021409660577774,12,0.10109289557052155,0.16666666666666666,0.0,0.33334216475486755,neutral,2,4,7,0,0,266,-0.007518796992481203,0.02631578947368421,0.02631578947368421,neutral,lm:LM.csv,neutral,0.0,0.1938705760985613,7,0.4210172467199819,0.5714285714285714,0.0,0.0438152477145195,positive,1,1,0,0,0,148,0.0,0.0,0.0,neutral,lm:LM.csv,positive,2020-23,False,stratified
barclays_2021-q3_012,barclays,2021-q3,neutral,0.0,0.03733273223042488,1,0.03733273223042488,0.0,0.0,0.015928000211715698,neutral,0,0,0,0,0,18,0.0,0.0,0.0,neutral,lm:LM.csv,neutral,0.0,0.06489225849509239,5,0.2193194167688489,0.2,0.0,0.02799312211573124,positive,0,0,1,0,2,106,0.0,0.009433962264150943,0.009433962264150943,neutral,lm:LM.csv,positive,2020-23,False,stratified
barclays_2021-annual_003,barclays,2021-annual,neutral,0.0,0.4324832670390606,1,0.4324832670390606,0.0,0.0,0.017034102231264114,positive,0,0,0,0,0,11,0.0,0.0,0.0,neutral,lm:LM.csv,neutral,0.0,0.2513440642505884,41,0.33197636604763386,0.36585365853658536,0.0,0.3260410726070404,positive,14,5,5,1,0,894,0.010067114093959731,0.005592841163310962,0.006711409395973154,positive,lm:LM.csv,positive,2020-23,False,stratified
barclays_2022-q3_005,barclays,2022-q3,neutral,0.0,0.2869633734226227,22,0.24502216271040114,0.2727272727272727,0.045454545454545456,0.6389198899269104,positive,2,7,4,0,0,336,-0.01488095238095238,0.011904761904761904,0.011904761904761904,negative,lm:LM.csv,negative,-0.5770495533943176,-0.44536927342414856,3,-0.11271861319740613,0.0,0.3333333333333333,0.8568342924118042,neutral,0,4,3,0,0,65,-0.06153846153846154,0.046153846153846156,0.046153846153846156,negative,lm:LM.csv,negative,2020-23,False,stratified
barclays_2022-q3_014,barclays,2022-q3,negative,-0.49907568097114563,-0.3800620213150978,8,-0.08226477657444775,0.125,0.25,0.8976674675941467,neutral,0,2,1,1,1,172,-0.011627906976744186,0.005813953488372093,0.011627906976744186,negative,lm:LM.csv,neutral,0.0,0.07650930806994438,30,0.08714788341894746,0.13333333333333333,0.06666666666666667,0.9540333151817322,neutral,1,8,5,0,0,583,-0.012006861063464836,0.008576329331046312,0.008576329331046312,negative,lm:LM.csv,neutral,2020-23,False,stratified
hsbc_2013-q1_005,hsbc,2013-q1,positive,0.5885174870491028,0.5647370535880327,27,0.09134920472624125,0.2962962962962963,0.2222222222222222,0.9695101380348206,neutral,11,6,6,0,0,652,0.007668711656441718,0.009202453987730062,0.009202453987730062,neutral,lm:LM.csv,negative,-0.811387836933136,-0.7571476064622402,6,-0.26435202080756426,0.16666666666666666,0.5,0.9467059373855591,negative,2,0,0,0,0,192,0.010416666666666666,0.0,0.0,positive,lm:LM.csv,negative,pre-2020,False,stratified
hsbc_2013-interim_003,hsbc,2013-interim,neutral,0.0,0.11976148933172226,19,0.038280188841255086,0.21052631578947367,0.15789473684210525,0.9647510647773743,neutral,4,6,5,2,1,434,-0.004608294930875576,0.01152073732718894,0.016129032258064516,neutral,lm:LM.csv,neutral,0.0,0.03286378085613251,4,0.025623089633882046,0.0,0.0,0.1381560117006302,neutral,1,1,0,0,0,41,0.0,0.0,0.0,neutral,lm:LM.csv,neutral,pre-2020,False,stratified
hsbc_2015-q3_001,hsbc,2015-q3,negative,-0.48795175552368164,-0.17307880520820618,18,0.001645396411832836,0.3333333333333333,0.2777777777777778,0.9673388600349426,neutral,7,8,7,0,1,494,-0.0020242914979757085,0.01417004048582996,0.01417004048582996,neutral,lm:LM.csv,neutral,0.0,-0.06351001560688019,43,0.03639251864406952,0.09302325581395349,0.09302325581395349,0.9579903483390808,neutral,9,18,6,0,1,1139,-0.007901668129938543,0.0052677787532923615,0.0052677787532923615,neutral,lm:LM.csv,neutral,pre-2020,False,stratified
hsbc_2016-q1_003,hsbc,2016-q1,negative,-0.38496920466423035,-0.14958415925502777,6,0.1780518675222993,0.3333333333333333,0.16666666666666666,0.6275548338890076,positive,3,1,4,0,0,122,0.01639344262295082,0.03278688524590164,0.03278688524590164,positive,lm:LM.csv,negative,-0.9488236904144287,-0.9342837519943714,12,0.16575784527231008,0.4166666666666667,0.16666666666666666,0.9740436673164368,positive,5,0,3,0,0,302,0.016556291390728478,0.009933774834437087,0.009933774834437087,positive,lm:LM.csv,negative,pre-2020,False,stratified
hsbc_2017-q3_006,hsbc,2017-q3,neutral,0.0,-0.09966768324375153,13,0.11719137114974168,0.15384615384615385,0.07692307692307693,0.971177875995636,neutral,4,4,5,2,8,380,0.0,0.013157894736842105,0.018421052631578946,neutral,lm:LM.csv,neutral,0.0,0.0054692551493644714,27,0.0894000829645881,0.14814814814814814,0.07407407407407407,0.9454294443130493,neutral,7,4,12,7,1,612,0.004901960784313725,0.0196078431372549,0.03104575163398693,neutral,lm:LM.csv,neutral,pre-2020,False,stratified
hsbc_2017-annual_005,hsbc,2017-annual,neutral,0.0,0.1517314901575446,25,0.13429814841598273,0.08,0.0,0.11255649477243423,neutral,10,4,3,1,1,582,0.010309278350515464,0.005154639175257732,0.006872852233676976,positive,lm:LM.csv,negative,-0.7175114154815674,-0.5288244634866714,8,-0.05690017424058169,0.25,0.25,0.9710927605628967,neutral,3,2,1,0,0,162,0.006172839506172839,0.006172839506172839,0.006172839506172839,neutral,lm:LM.csv,negative,pre-2020,False,stratified
hsbc_2018-interim_002,hsbc,2018-interim,positive,0.7805938124656677,0.7589515466243029,11,0.4853688050908121,0.5454545454545454,0.0,0.231704980134964,positive,4,1,5,0,0,300,0.01,0.016666666666666666,0.016666666666666666,neutral,lm:LM.csv,negative,-0.6391221284866333,-0.6077621951699257,6,-0.23302892067780098,0.0,0.3333333333333333,0.923997163772583,negative,0,1,1,0,2,137,-0.0072992700729927005,0.0072992700729927005,0.0072992700729927005,neutral,lm:LM.csv,negative,pre-2020,False,stratified
hsbc_2021-q1_006,hsbc,2021-q1,neutral,0.0,0.13141320645809174,5,0.08394541945308447,0.0,0.0,0.047093093395233154,neutral,2,1,3,0,0,131,0.007633587786259542,0.022900763358778626,0.022900763358778626,neutral,lm:LM.csv,positive,0.6816180348396301,0.6144729405641556,22,0.3670310330238532,0.5,0.09090909090909091,0.8247894644737244,positive,6,4,7,1,1,590,0.003389830508474576,0.011864406779661017,0.013559322033898305,neutral,lm:LM.csv,positive,2020-23,False,stratified
hsbc_2021-interim_004,hsbc,2021-interim,negative,-0.6922155022621155,-0.6381961107254028,5,-0.10355952270328998,0.2,0.2,0.9309888482093811,neutral,0,3,3,0,0,105,-0.02857142857142857,0.02857142857142857,0.02857142857142857,negative,lm:LM.csv,negative,-0.46169883012771606,-0.25502052903175354,13,0.09328555774230224,0.3076923076923077,0.23076923076923078,0.9671740531921387,neutral,5,2,2,0,1,366,0.00819672131147541,0.00546448087431694,0.00546448087431694,neutral,lm:LM.csv,negative,2020-23,False,stratified
hsbc_2021-q3_002,hsbc,2021-q3,neutral,0.0,0.09467149153351784,9,0.08012706103424232,0.1111111111111111,0.0,0.11876693367958069,neutral,1,0,2,0,0,154,0.006493506493506494,0.012987012987012988,0.012987012987012988,neutral,lm:LM.csv,negative,-0.5172224044799805,-0.2655983567237854,8,0.26120362139772624,0.625,0.25,0.9307071566581726,positive,1,2,2,0,0,245,-0.004081632653061225,0.00816326530612245,0.00816326530612245,neutral,lm:LM.csv,negative,2020-23,False,stratified
hsbc_2021-annual_005,hsbc,2021-annual,neutral,0.0,0.038011789321899414,9,-0.08032722978128327,0.0,0.1111111111111111,0.5820810198783875,neutral,0,5,3,0,0,181,-0.027624309392265192,0.016574585635359115,0.016574585635359115,negative,lm:LM.csv,neutral,0.0,0.16771407425403595,48,0.17210764001356438,0.22916666666666666,0.08333333333333333,0.8504735231399536,positive,7,8,2,5,2,1165,-0.0008583690987124463,0.0017167381974248926,0.006008583690987125,neutral,lm:LM.csv,positive,2020-23,False,stratified
hsbc_2022-q3_002,hsbc,2022-q3,neutral,0.0,-0.27312732487916946,6,-0.29227417971317965,0.0,0.3333333333333333,0.9609683752059937,negative,1,3,3,0,0,107,-0.018691588785046728,0.028037383177570093,0.028037383177570093,negative,lm:LM.csv,neutral,0.0,0.1515178419649601,22,0.13390311801975424,0.22727272727272727,0.09090909090909091,0.8364341259002686,neutral,5,13,7,2,0,534,-0.0149812734082397,0.013108614232209739,0.016853932584269662,negative,lm:LM.csv,neutral,2020-23,False,stratified
hsbc_2022-q3_004,hsbc,2022-q3,neutral,0.0,0.03297484666109085,4,0.21648051589727402,0.5,0.25,0.4636814594268799,positive,0,1,4,1,0,101,-0.009900990099009901,0.039603960396039604,0.04950495049504951,neutral,lm:LM.csv,positive,0.8181096911430359,0.8085689935833216,11,0.4562383665787903,0.36363636363636365,0.0,0.022461598739027977,positive,5,3,0,4,1,201,0.009950248756218905,0.0,0.01990049751243781,neutral,lm:LM.csv,positive,2020-23,False,stratified
hsbc_2022-q3_008,hsbc,2022-q3,neutral,0.0,0.1510561965405941,15,0.05904837908844153,0.2,0.13333333333333333,0.8295757174491882,neutral,1,2,3,0,0,271,-0.0036900369003690036,0.01107011070110701,0.01107011070110701,neutral,lm:LM.csv,negative,-0.8843804597854614,-0.8594833724200726,40,0.09149910010164604,0.3,0.25,0.9736847877502441,neutral,9,12,7,1,0,924,-0.003246753246753247,0.007575757575757576,0.008658008658008658,neutral,lm:LM.csv,negative,2020-23,False,stratified
hsbc_2023-interim_002,hsbc,2023-interim,neutral,0.0,0.004116721451282501,12,0.09498316647174458,0.25,0.16666666666666666,0.8923494815826416,neutral,8,4,2,0,1,293,0.013651877133105802,0.006825938566552901,0.006825938566552901,positive,lm:LM.csv,neutral,0.0,-0.03558988869190216,28,0.06376084475778043,0.25,0.21428571428571427,0.9629644751548767,neutral,2,5,10,0,0,753,-0.00398406374501992,0.013280212483399735,0.013280212483399735,neutral,lm:LM.csv,neutral,2020-23,False,stratified
hsbc_2023-q3_004,hsbc,2023-q3,neutral,0.0,0.02578125149011612,4,-0.1918733634520322,0.0,0.25,0.9256507158279419,negative,1,1,0,0,0,96,0.0,0.0,0.0,neutral,lm:LM.csv,positive,0.8817030787467957,0.8634019047021866,19,0.4340336144852795,0.47368421052631576,0.0,0.11761424690485,positive,7,1,2,0,0,457,0.01312910284463895,0.00437636761487965,0.00437636761487965,positive,lm:LM.csv,positive,2020-23,False,stratified
hsbc_2023-annual_004,hsbc,2023-annual,neutral,0.0,0.0500146821141243,11,0.07052598758177324,0.18181818181818182,0.18181818181818182,0.8019918203353882,neutral,1,4,3,0,0,180,-0.016666666666666666,0.016666666666666666,0.016666666666666666,negative,lm:LM.csv,neutral,0.0,0.1703894156962633,17,0.23885209124316187,0.23529411764705882,0.0,0.3575414717197418,positive,6,1,3,0,0,407,0.012285012285012284,0.007371007371007371,0.007371007371007371,positive,lm:LM.csv,positive,2020-23,False,stratified
hsbc_2024-q1_006,hsbc,2024-q1,negative,-0.4690733850002289,-0.2001706063747406,14,0.07844858320562967,0.2857142857142857,0.14285714285714285,0.973238468170166,neutral,1,2,1,2,0,174,-0.005747126436781609,0.005747126436781609,0.017241379310344827,neutral,lm:LM.csv,neutral,0.0,0.21450337767601013,27,0.2771573636542868,0.4074074074074074,0.18518518518518517,0.9226406216621399,positive,12,10,2,1,0,720,0.002777777777777778,0.002777777777777778,0.004166666666666667,neutral,lm:LM.csv,positive,2024+,False,stratified
hsbc_2024-interim_004,hsbc,2024-interim,neutral,0.0,0.09477800130844116,8,0.2515531211392954,0.25,0.0,0.05763716623187065,positive,1,1,5,0,0,176,0.0,0.028409090909090908,0.028409090909090908,neutral,lm:LM.csv,neutral,0.0,0.24289497174322605,11,0.09656375426460397,0.2727272727272727,0.18181818181818182,0.9280118346214294,neutral,7,4,4,1,0,344,0.00872093023255814,0.011627906976744186,0.014534883720930232,neutral,lm:LM.csv,neutral,2024+,True,stratified
hsbc_2025-q3_001,hsbc,2025-q3,neutral,0.0,0.24910635873675346,8,0.08819136756937951,0.0,0.25,0.5825187563896179,neutral,2,0,0,0,0,178,0.011235955056179775,0.0,0.0,positive,lm:LM.csv,neutral,0.0,0.3108811676502228,6,0.1492423789265255,0.3333333333333333,0.16666666666666666,0.6988645195960999,neutral,6,1,2,1,0,186,0.026881720430107527,0.010752688172043012,0.016129032258064516,positive,lm:LM.csv,neutral,2024+,False,stratified
hsbc_2025-annual_006,hsbc,2025-annual,neutral,0.0,0.2536148503422737,5,0.26461817268282173,0.2,0.0,0.05083809047937393,positive,4,3,2,0,0,216,0.004629629629629629,0.009259259259259259,0.009259259259259259,neutral,lm:LM.csv,neutral,0.0,0.08813536912202835,21,0.15861591333079905,0.14285714285714285,0.047619047619047616,0.9361454248428345,positive,10,4,4,1,2,471,0.012738853503184714,0.008492569002123142,0.010615711252653927,positive,lm:LM.csv,positive,2024+,False,stratified
