pair_id,a_label_new,note
barclays_2011-q3_002,,
barclays_2012-q3_004,,
barclays_2013-q1_001,,
barclays_2014-q2_001,,
barclays_2019-q2_010,,
barclays_2020-q1_009,,
barclays_2020-annual_003,,
barclays_2022-q3_001,,
barclays_2023-q3_008,,
barclays_2024-q2_001,,
barclays_2024-q2_005,,
barclays_2024-annual_001,,
barclays_2024-annual_003,,
barclays_2025-annual_003,,
barclays_2026-q1_008,,
barclays_2026-q2_004,,
hsbc_2013-q1_004,,
hsbc_2020-interim_007,,
hsbc_2021-interim_005,,
hsbc_2022-interim_001,,
hsbc_2022-q3_001,,
hsbc_2024-q1_003,,
hsbc_2024-interim_006,,
hsbc_2024-interim_007,,
hsbc_2024-q3_008,,
hsbc_2024-annual_002,,
hsbc_2024-annual_008,,
hsbc_2024-annual_009,,
hsbc_2025-q1_002,,
hsbc_2025-q1_003,,
hsbc_2025-q1_006,,
hsbc_2025-q1_011,,
hsbc_2025-interim_003,,
hsbc_2025-interim_008,,
hsbc_2025-q3_005,,
hsbc_2025-q3_010,,
hsbc_2025-annual_005,,
hsbc_2025-annual_007,,
hsbc_2026-q1_002,,
hsbc_2026-q1_005,,
hsbc_2026-q1_008,,
hsbc_2026-interim_001,,
hsbc_2026-interim_003,,
