pair_id,side,n_sent,n_in_scope,n_pos,n_neg,net,label,net_all,label_all,llm_turn_label,llm_turn_confidence,llm_turn_rationale
barclays_2011-q3_003,question,8,3,0,1,-0.3333,negative,-0.125,neutral,neutral,medium,Lead ask is a request to attribute gains to falling yields; later asks on liquidity cost and frozen funding markets carry mild concern but the lead is a detail question.
barclays_2011-q3_003,answer,39,22,5,0,0.2273,positive,0.0513,neutral,positive,medium,"Management content responding to the liquidity question asserts deposit inflows in stress and a deliberately built, rock-solid liquidity pool; the block also contains several later analyst questions and answers."
barclays_2014-q1_006,question,18,4,0,2,-0.5,negative,-0.2222,negative,negative,medium,Lead ask questions whether one should be concerned that IB repositioning damaged revenues without reducing RWAs; second ask on the tax charge is neutral.
barclays_2014-q1_006,answer,4,0,0,0,0.0,neutral,0.0,neutral,neutral,low,Answer block contains only the next analyst's clarification question on RWA methodology changes and no management content.
barclays_2015-q2_001,question,2,2,1,0,0.5,positive,0.5,positive,neutral,low,Truncated opener announcing Investment Bank questions with a passing 'good result' remark; no usable concern or stance in what survives.
barclays_2015-q2_001,answer,32,18,2,1,0.0556,neutral,-0.0312,neutral,neutral,medium,"Management concedes a harder second half for IB returns but cites cost and RWA progress and only reaffirms existing cost guidance while declining 2017 guidance, leaving no net new direction."
barclays_2016-q1_003,question,1,1,0,0,0.0,neutral,0.0,neutral,neutral,low,Truncated block contains only an announcement of questions on CIB capital with no stance.
barclays_2016-q1_003,answer,22,15,3,4,-0.0667,neutral,-0.2727,negative,negative,medium,"Despite a strong Q1 income narrative, management concedes the 7% CIB RoTE is not acceptable, IB revenues are down year on year and April is running about 5% below Q1."
barclays_2017-q2_006,question,35,13,1,4,-0.2308,negative,-0.0286,neutral,neutral,medium,Lead ask checks whether the strong Q2 IB cost level is a reasonable run rate (no adverse stance); the second ask and follow-ups on the rising pension deficit and Pillar 2 are clearly negative.
barclays_2017-q2_006,answer,10,4,2,0,0.5,positive,-0.2,negative,positive,low,"The short management fragment (which appears to answer a different, missing question) pushes back that capital-light CIB revenues are not falling and cites strong debt issuance growth; most of the block is another analyst's question."
barclays_2018-annual_007,question,14,10,0,3,-0.3,negative,-0.2143,negative,negative,medium,Lead ask expresses surprise at only 4% underlying US cards growth and probes for contraction; the second ask infers a more conservative revenue outlook from the slipped cost:income target.
barclays_2018-annual_007,answer,17,11,0,2,-0.1818,negative,-0.0588,neutral,neutral,medium,"Management explains why averaging models avoided the Q4 RWA spike, cautions it is not immune to pro-cyclicality, and declines to guide on model approvals, leaving no net new direction; the block answers a different analyst's question."
barclays_2018-annual_008,question,18,8,0,0,0.0,neutral,0.0,neutral,neutral,medium,"Analyst asks for an update on Basel finalisation, its bearing on buybacks and the mechanics of the Pillar 2A uptick, seeking clarification rather than voicing a concern."
barclays_2018-annual_008,answer,3,0,0,1,-0.3333,negative,-0.3333,negative,negative,low,"Block holds no management content, only another analyst's question probing the risk of a 13% CET1 target below peers and volatile capital generation."
barclays_2019-q1_004,question,1,1,0,1,-1.0,negative,-1.0,negative,negative,low,"Truncated single sentence in which the analyst expresses surprise at a repeated seasonal RWA uplift, a mild capital concern."
barclays_2019-q1_004,answer,14,14,1,0,0.0714,neutral,0.0714,neutral,neutral,medium,Management restates comfort with the existing 9% RoTE target and explains cost levers without new good or bad news; the answer also does not address the RWA question.
barclays_2019-q3_003,question,2,2,0,2,-1.0,negative,-1.0,negative,negative,high,Analyst probes whether the combination will be a negative in Q4 and presumes Treasury losses.
barclays_2019-q3_003,answer,22,22,1,7,-0.2727,negative,-0.2727,negative,negative,high,"Management guides to a lower Q4 NIM, describes the low-rate environment as challenging and signals caution on next year's RoTE target."
barclays_2020-q2_006,question,15,15,1,5,-0.2667,negative,-0.2667,negative,negative,medium,Analyst doubts whether falling card balances really de-risk the book and probes remaining credit quality and wholesale reserve build; second ask on wholesale concerns noted.
barclays_2020-q2_006,answer,4,4,0,0,0.0,neutral,0.0,neutral,neutral,high,"Management describes the balance reduction as a vertical slice with no risk skew, a factual explanation with no net direction."
barclays_2020-q2_009,question,9,9,0,3,-0.3333,negative,-0.3333,negative,negative,high,Analyst frames balance decline as double the industry level and doubts CC&P revenue can recover to market expectations.
barclays_2020-q2_009,answer,19,19,8,0,0.4211,positive,0.4211,positive,positive,medium,"Management sets out new second-half tailwinds (margin pickup, spend near pre-COVID levels, no tail-off in consumer strength) while declining to quantify."
barclays_2020-q3_002,question,5,5,0,0,0.0,neutral,0.0,neutral,neutral,high,"Asks for quantification of regulatory headwinds on the CET1 path and a view on the MDA buffer, with no adverse stance."
barclays_2020-q3_002,answer,9,9,2,2,0.0,neutral,0.0,neutral,negative,medium,"Net message is caution on capital: headwinds flagged, warning not to extrapolate the strong capital run, and CET1 typically stepping back in Q1; answer text is partly truncated."
barclays_2020-q3_003,question,5,5,0,2,-0.4,negative,-0.4,negative,negative,medium,Lead ask probes the size of the BUK revenue headwinds from the structural hedge; the second ask on cost initiatives is a neutral request for detail.
barclays_2020-q3_003,answer,10,10,1,4,-0.3,negative,-0.3,negative,negative,medium,"Management confirms the structural hedge headwind and that unsecured balances will take time to grow, only partly offset by consumer deleveraging and a confident but non-new statement on investing."
barclays_2020-annual_005,question,5,5,1,0,0.2,positive,0.2,positive,neutral,medium,"Analyst checks the ballpark of a structural hedge uplift and asks for the card balance assumption behind NIM guidance, a request for mechanics despite the upside framing."
barclays_2020-annual_005,answer,23,23,5,0,0.2174,positive,0.2174,positive,positive,medium,"Management confirms the curve steepening is a positive, says its card balance assumption may prove too cautious and points to a quicker US recovery and payments growth, though it declines to quantify."
barclays_2020-annual_011,question,3,3,0,1,-0.3333,negative,-0.3333,negative,neutral,medium,"After noting CC&P income is tough to grow, the analyst asks whether UK non-interest income can grow and how lockdown trading compares, without pressing a concern."
barclays_2020-annual_011,answer,16,16,1,0,0.0625,neutral,0.0625,neutral,neutral,medium,"Management gives a conditional 'we'd like to think so' dependent on economic activity, then unrelated spliced remarks on credit caution and regulation with no net new direction."
barclays_2021-q1_005,question,2,2,1,0,0.5,positive,0.5,positive,neutral,low,"Truncated question block contains only the set-up (tough FICC comp offset by strong equities and fees, broadly stable) with no ask; the actual asks sit in the answer block."
barclays_2021-q1_005,answer,22,13,1,1,0.0,neutral,0.0,neutral,neutral,medium,"Management concedes mild FICC disappointment but notes it is up 40% on 2019, and on provisions restates prudence and the existing sensitivity without committing to releases, so no net direction."
barclays_2021-q1_011,question,4,4,2,1,0.25,positive,0.25,positive,neutral,medium,"The analyst asks about the UK NIM trajectory with balanced framing: raised guidance and unsecured growth as positives, hedge drag as a concern."
barclays_2021-q1_011,answer,17,17,10,2,0.4706,positive,0.4706,positive,positive,high,"Management says NIM should hit its low point this year, the hedge headwind is easing, unsecured balances should grow and mortgages are at record balances with accretive churn margins."
barclays_2021-q2_007,question,12,12,3,2,0.0833,neutral,0.0833,neutral,neutral,medium,Lead ask is a mechanics question on where the bond-redemption benefit sits (with a mild aside that margin guidance looks odd); the second ask frames scope for higher distributions positively.
barclays_2021-q2_007,answer,7,7,1,0,0.1429,neutral,0.1429,neutral,neutral,medium,"Management locates the redemption benefit in Barclays Bank, mentions a modest tailwind, and restates the 6p dividend and buyback rationale without any new commitment on higher distributions."
barclays_2021-q3_012,question,1,1,0,0,0.0,neutral,0.0,neutral,neutral,high,Open request to describe buy-now-pay-later ambitions with no stance.
barclays_2021-q3_012,answer,5,5,1,0,0.2,positive,0.2,positive,neutral,medium,"Mostly describes existing regulated activity and a decision to stay out of the unregulated space, with one mildly favourable remark and no new news on outlook."
barclays_2021-annual_003,question,1,1,0,0,0.0,neutral,0.0,neutral,neutral,low,"Question block is truncated to courtesy and congratulations only, with no usable ask."
barclays_2021-annual_003,answer,41,41,13,1,0.2927,positive,0.2927,positive,positive,medium,"Management gives new good news on US card account openings, spend and balance growth as a positive lead indicator and says growth can be absorbed with little RWA inflation, outweighing a brief concession of CET1 headwinds."
barclays_2022-q3_005,question,22,1,0,0,0.0,neutral,0.1364,neutral,neutral,high,"The analyst only asks management to help scale the FICC financing contribution, a request for detail with no stance."
barclays_2022-q3_005,answer,3,0,0,0,0.0,neutral,0.0,neutral,neutral,low,"The answer block contains no management content, only the next analyst's set-up on the Downside 1 scenario and bank taxation."
barclays_2022-q3_014,question,8,4,0,2,-0.5,negative,-0.125,neutral,negative,medium,Analyst probes exposure of mortgages and cards to lower-income households under cost-of-living pressure and whether falling real spending will hit non-interest income.
barclays_2022-q3_014,answer,30,22,1,3,-0.0909,neutral,-0.1,neutral,neutral,low,"Answer block is a different analyst's exchange: management guides NIM to the top of the range but flags caution on product dynamics and then explains structural deposit mechanics, mixed with no net direction; the real reply to this question sits in the question block."
hsbc_2013-q1_005,question,27,14,2,3,-0.0714,neutral,0.2593,positive,neutral,medium,"Lead ask requests colour on the strong Hong Kong GBM result; the second ask flags light LatAm revenue (negative), so the turn is mixed with a neutral lead."
hsbc_2013-q1_005,answer,6,2,0,2,-1.0,negative,-0.6667,negative,negative,high,Management concedes that the growth opportunity seen early in the year has largely evaporated and most of the world is at zero to very low growth.
hsbc_2013-interim_003,question,19,8,1,2,-0.125,neutral,-0.1053,neutral,negative,medium,The lead ask frames LatAm underlying returns of 1.7-1.8% as well short of the roughly 3% target and probes how the gap closes; a second ask on declining CMB PCM revenues is also noted.
hsbc_2013-interim_003,answer,4,2,0,1,-0.5,negative,-0.25,negative,negative,medium,"Management declines the suggestion it can do better than 2.5% and says the aim is first to get back to 2.5%, a weaker commitment than the question assumed."
hsbc_2015-q3_001,question,18,8,0,3,-0.375,negative,-0.3333,negative,negative,high,"The analyst leads by probing revenue weakness and whether it is a permanent step down, and whether last year's weak Q4 in GB&M is repeating."
hsbc_2015-q3_001,answer,43,29,0,1,-0.0345,neutral,-0.1395,neutral,neutral,medium,"Management restates the unchanged $150bn redeployment target, reports flat trade finance and explains RWA and deposit-pricing mechanics, with no new guidance up or down; the block also contains other analysts' questions."
hsbc_2016-q1_003,question,6,6,1,0,0.1667,positive,0.1667,positive,neutral,medium,"The analyst notes strong Rates performance and asks for colour on whether it is sustained, plus the phasing of costs to achieve, without expressing a concern."
hsbc_2016-q1_003,answer,12,10,2,2,0.0,neutral,0.0,neutral,neutral,medium,"Management says Rates outperformance should not be extrapolated but FX, Credit and Equities are recovering, and explains cost-to-achieve phasing, leaving no net direction."
hsbc_2017-q3_006,question,13,4,0,0,0.0,neutral,0.0,neutral,neutral,high,"Analyst asks how management thinks about the return on investment spend and whether lower regulatory costs offset it, without expressing a concern."
hsbc_2017-q3_006,answer,27,12,0,0,0.0,neutral,-0.037,neutral,neutral,high,"Management says subsidiary capital requirements are consistent with existing group guidance, the CML funding effect is immaterial, and investment will follow positive jaws, which is mechanics and restated guidance with nothing new."
hsbc_2017-annual_005,question,25,9,0,0,0.0,neutral,0.0,neutral,neutral,high,"The analyst asks for detail on investment spend and digitalisation and for colour on year-to-date trading, with no concern expressed."
hsbc_2017-annual_005,answer,8,3,2,0,0.6667,positive,-0.125,neutral,positive,medium,Management gives new good news that the first six weeks of trading were constructive with higher volumes and an improving picture in Global Banking and Markets; the rest of the block is the next analyst's question.
hsbc_2018-interim_002,question,11,5,0,1,-0.2,negative,0.0,neutral,neutral,medium,"Lead ask requests the second-half cost growth outlook; there is some scepticism that positive jaws needs flat costs, but the framing is mainly a request for detail."
hsbc_2018-interim_002,answer,6,6,0,0,0.0,neutral,0.0,neutral,neutral,medium,"Truncated answer describing what sits in the Corporate Centre and restating existing guidance, with no net direction."
hsbc_2021-q1_006,question,5,5,1,1,0.0,neutral,0.0,neutral,negative,low,"Lead ask probes whether the UK mortgage activity spike is sustainable, a mild concern; the second ask on pent-up loan demand is positively framed."
hsbc_2021-q1_006,answer,22,19,12,1,0.5789,positive,0.5,positive,positive,high,"Management reports loan drawdowns and balance sheet growth starting in Q1 and expects lending growth to pick up over the next three quarters, with only a stamp-duty caveat."
hsbc_2021-interim_004,question,5,5,0,2,-0.4,negative,-0.4,negative,neutral,medium,Lead ask is a request for the ROE on mortgages; the second ask on FICC weakness and restructuring revenue attrition carries a negative concern.
hsbc_2021-interim_004,answer,13,10,4,1,0.3,positive,0.1538,positive,neutral,medium,"Mortgage returns are described as accretive but the GBM outlook is an explicit restatement of existing guidance alongside an acknowledged weak fixed income quarter, giving no net new direction."
hsbc_2021-q3_002,question,9,9,2,0,0.2222,positive,0.2222,positive,neutral,medium,The lead ask is for an estimate of revenue from the M&A activity; the second ask on NIM frames possible upside versus consensus but is a request for comment.
hsbc_2021-q3_002,answer,8,8,4,1,0.375,positive,0.375,positive,positive,high,"Management says NIM consensus looks low and that it now expects earlier and stronger rate rises than previously anticipated, clawing back a meaningful part of lost income."
hsbc_2021-annual_005,question,9,9,0,4,-0.4444,negative,-0.4444,negative,negative,high,Analyst is sceptical that NII will benefit from rate rises given the last cycle's disappointment and raises concern over Hong Kong's longer-term future and talent attraction.
hsbc_2021-annual_005,answer,48,44,8,1,0.1591,positive,0.125,neutral,positive,medium,"Management rebuts both concerns with new supporting detail: prior-cycle one-offs masked underlying NII growth and it is different this time, while mainland inflows and ongoing hiring more than offset Hong Kong outflows despite short-term disruption."
hsbc_2022-q3_002,question,6,6,0,5,-0.8333,negative,-0.8333,negative,negative,high,"Analyst probes a weakening credit outlook, dollar-strength credit costs in Asia and the consequences of a possible HKD peg break."
hsbc_2022-q3_002,answer,22,14,2,0,0.1429,neutral,-0.0455,neutral,positive,medium,"Management flatly rejects any peg risk and says dollar strength has no material credit impact, a firmer and more benign position than the question assumed; the later exchange in the block is a different analyst's question."
hsbc_2022-q3_004,question,4,4,0,2,-0.5,negative,-0.5,negative,negative,high,Analyst calls the 2% cost target tough and asks whether the CFO's departure risks it being met by cutting investment rather than real savings.
hsbc_2022-q3_004,answer,11,10,1,0,0.1,neutral,0.0909,neutral,neutral,high,"Management emphatically restates commitment to the existing 2% cost target and previously flagged savings, confident in tone but with no new guidance."
hsbc_2022-q3_008,question,15,15,2,2,0.0,neutral,0.0,neutral,negative,medium,"Lead ask is scepticism about the NII guide, which the analyst cannot reconcile with the exit run rate (albeit arguing it is too conservative); second ask on IFRS 17 impact is neutral."
hsbc_2022-q3_008,answer,40,39,8,2,0.1538,positive,0.15,neutral,positive,medium,"Management says the $1.3bn trading-income switch is an uplift on top of the $36bn run rate, hints assumptions could be upgraded and expects enduring fee growth, outweighing restated IFRS 17 drag and caution."
hsbc_2023-interim_002,question,12,12,1,4,-0.25,negative,-0.25,negative,negative,high,"Analyst says the NII guide implies a run-rate step-off, questions NII sustainability and doubts a large dividend can be sustained as rates fall."
hsbc_2023-interim_002,answer,28,28,8,4,0.1429,neutral,0.1429,neutral,neutral,medium,"Management balances rate and HIBOR tailwinds against continuing loan-growth and deposit-cost headwinds, leaves H2 consensus unchanged and declines to guide 2024 NII or the dividend size."
hsbc_2023-q3_004,question,4,4,0,1,-0.25,negative,-0.25,negative,neutral,medium,"Lead ask is an open question on where loan growth will come from next year, noting mortgages up and commercial down, with only a mild concern about borrowing appetite at high rates."
hsbc_2023-q3_004,answer,19,19,9,2,0.3684,positive,0.3684,positive,positive,medium,"Despite conceding Hong Kong commercial softness, management reports continued mortgage growth, a first-quarter return to trade loan growth and early signs of reversal, giving a net improving message."
hsbc_2023-annual_004,question,11,11,0,2,-0.1818,negative,-0.1818,negative,negative,medium,The analyst frames the NII guide as confusing to investors and challenges what message management is sending on the 2024 baseline.
hsbc_2023-annual_004,answer,17,17,4,0,0.2353,positive,0.2353,positive,positive,medium,"Management accepts arithmetic implying revenue slightly above consensus, stresses banking NII is at least $41bn and cites growing net new invested assets, though much of the answer is explanation of the guidance basis."
hsbc_2024-q1_006,question,14,14,2,4,-0.1429,neutral,-0.1429,neutral,negative,medium,The lead ask probes Transaction Banking weakness (down 9%) and whether it carries through the year; later asks cover a positive Hong Kong mortgage angle and scepticism on the 5% cost target after an 8% Q1 rise.
hsbc_2024-q1_006,answer,27,27,4,0,0.1481,neutral,0.1481,neutral,neutral,medium,"Management explains the Transaction Banking drop as a base effect from a record FX quarter and reiterates the existing circa 5% cost target with mechanics, adding only a tentative positive on Hong Kong that it says is too early to call a trend."
hsbc_2024-interim_004,question,8,8,0,1,-0.125,neutral,-0.125,neutral,neutral,medium,Lead ask seeks to understand the mechanics of structural hedge sizing by region; the second ask on the unsecured Hong Kong CRE exposure carries a mild risk concern.
hsbc_2024-interim_004,answer,11,11,1,1,0.0,neutral,0.0,neutral,neutral,medium,Mostly hedge mechanics with offsetting tailwind and inverted-curve headwind and a stable UK NIM; the CRE credit-quality detail is reassuring but the answer has no net new direction.
hsbc_2025-q3_001,question,8,8,2,0,0.25,positive,0.25,positive,positive,medium,"Analyst frames the Q4 NII guide as conservative, citing tailwinds and guessing NII is actually up quarter on quarter, then asks about sustainability of strong deposit growth."
hsbc_2025-q3_001,answer,6,6,1,0,0.1667,positive,0.1667,positive,neutral,medium,"Management restates the existing $43bn-or-better guide without confirming the analyst's Q4-up view, balances tailwinds against a US dollar curve headwind, and declines 2026 guidance despite a confident tone on deposits."
hsbc_2025-annual_006,question,5,5,0,0,0.0,neutral,0.0,neutral,neutral,high,"Analyst asks for clarification on the trajectory of the upgraded RoTE target and the composition of the Hang Seng benefit and restructuring charge, without a stance."
hsbc_2025-annual_006,answer,21,21,0,0,0.0,neutral,0.0,neutral,neutral,high,Management restates the 17%-plus target without giving a trajectory and explains the make-up of the already announced Hang Seng benefits and restructuring cost.
